{
  "pillar": "Pillar 1: Detection baseline",
  "dataset": "CICIoT2023",
  "total_test_flows": 7016505,
  "seeds": 5,
  "detectors": {
    "Random Forest": {
      "macro_f1_mean": 0.6453581428766559,
      "macro_f1_std": 0.0005179046588962015,
      "weighted_f1_mean": 0.8360520594093842,
      "weighted_f1_std": 0.0005263317271237683,
      "accuracy_mean": 0.8571528132595929,
      "accuracy_std": 5.623522077660755e-05,
      "per_class_f1_mean": {
        "Benign": 0.8315377901001282,
        "BruteForce": 0.24215306384592133,
        "DDoS": 0.9141487552551494,
        "DoS": 0.4574794606728211,
        "Mirai": 0.9981843481519143,
        "Recon": 0.7438301709043342,
        "Spoofing": 0.7981401069887972,
        "Web": 0.17739144709418264
      }
    },
    "XGBoost": {
      "macro_f1_mean": 0.6472527274450514,
      "macro_f1_std": 0.0001566147183602211,
      "weighted_f1_mean": 0.7828455995500003,
      "weighted_f1_std": 0.00036789813247723027,
      "accuracy_mean": 0.756578125434244,
      "accuracy_std": 0.0004320449412052157,
      "per_class_f1_mean": {
        "Benign": 0.8420326172357008,
        "BruteForce": 0.1471713488198219,
        "DDoS": 0.8138504806606942,
        "DoS": 0.5678992470075708,
        "Mirai": 0.9972637671492723,
        "Recon": 0.7412008914280633,
        "Spoofing": 0.8959403637138571,
        "Web": 0.17266310354543005
      }
    },
    "MLP": {
      "macro_f1_mean": 0.5984133674779336,
      "macro_f1_std": 0.0013011351783678469,
      "weighted_f1_mean": 0.7630384339181109,
      "weighted_f1_std": 0.0018568019889314195,
      "accuracy_mean": 0.7330772514236077,
      "accuracy_std": 0.0021879136917754864,
      "per_class_f1_mean": {
        "Benign": 0.775605932765706,
        "BruteForce": 0.09263352172732828,
        "DDoS": 0.7952313477535096,
        "DoS": 0.5529908778943717,
        "Mirai": 0.9925869724428604,
        "Recon": 0.6643272261304894,
        "Spoofing": 0.8225260699098351,
        "Web": 0.09140499119936854
      }
    }
  }
}